#bin	chrom	chromStart	chromEnd	name
0	chr1	0	248956422	1
0	chr2	0	242193529	2
0	chr3	0	198295559	3
0	chr4	0	190214555	4
0	chr5	0	181538259	5
0	chr6	0	170805979	6
0	chr7	0	159345973	7
0	chr8	0	145138636	8
0	chr9	0	138394717	9
585	chrM	0	16569	MT
0	chrX	0	156040895	X
1	chrY	0	57227415	Y
0	chr10	0	133797422	10
0	chr11	0	135086622	11
0	chr12	0	133275309	12
0	chr13	0	114364328	13
0	chr14	0	107043718	14
0	chr15	0	101991189	15
0	chr16	0	90338345	16
0	chr17	0	83257441	17
0	chr18	0	80373285	18
1	chr19	0	58617616	19
1	chr20	0	64444167	20
1	chr21	0	46709983	21
1	chr22	0	50818468	22
73	chrUn_GL000195v1	0	182896	HSCHRUN_RANDOM_CTG1
73	chrUn_GL000213v1	0	164239	HSCHRUN_RANDOM_CTG2
73	chrUn_GL000214v1	0	137718	HSCHRUN_RANDOM_CTG4
73	chrUn_GL000216v2	0	176608	HSCHRUN_RANDOM_CTG6
73	chrUn_GL000218v1	0	161147	HSCHRUN_RANDOM_CTG9
73	chrUn_GL000219v1	0	179198	HSCHRUN_RANDOM_CTG10
73	chrUn_GL000220v1	0	161802	HSCHRUN_RANDOM_CTG11
73	chrUn_GL000224v1	0	179693	HSCHRUN_RANDOM_CTG16
585	chrUn_GL000226v1	0	15008	HSCHRUN_RANDOM_CTG19
585	chrUn_KI270302v1	0	2274	HSCHRUN_RANDOM_100
585	chrUn_KI270303v1	0	1942	HSCHRUN_RANDOM_102
585	chrUn_KI270304v1	0	2165	HSCHRUN_RANDOM_101
585	chrUn_KI270305v1	0	1472	HSCHRUN_RANDOM_103
585	chrUn_KI270310v1	0	1201	HSCHRUN_RANDOM_106
585	chrUn_KI270311v1	0	12399	HSCHRUN_RANDOM_110
585	chrUn_KI270312v1	0	998	HSCHRUN_RANDOM_109
585	chrUn_KI270315v1	0	2276	HSCHRUN_RANDOM_108
585	chrUn_KI270316v1	0	1444	HSCHRUN_RANDOM_107
585	chrUn_KI270317v1	0	37690	HSCHRUN_RANDOM_111
585	chrUn_KI270320v1	0	4416	HSCHRUN_RANDOM_105
585	chrUn_KI270322v1	0	21476	HSCHRUN_RANDOM_104
585	chrUn_KI270329v1	0	1040	HSCHRUN_RANDOM_167
585	chrUn_KI270330v1	0	1652	HSCHRUN_RANDOM_166
585	chrUn_KI270333v1	0	2699	HSCHRUN_RANDOM_169
585	chrUn_KI270334v1	0	1368	HSCHRUN_RANDOM_168
585	chrUn_KI270335v1	0	1048	HSCHRUN_RANDOM_170
585	chrUn_KI270336v1	0	1026	HSCHRUN_RANDOM_173
585	chrUn_KI270337v1	0	1121	HSCHRUN_RANDOM_174
585	chrUn_KI270338v1	0	1428	HSCHRUN_RANDOM_171
585	chrUn_KI270340v1	0	1428	HSCHRUN_RANDOM_172
585	chrUn_KI270362v1	0	3530	HSCHRUN_RANDOM_177
585	chrUn_KI270363v1	0	1803	HSCHRUN_RANDOM_175
585	chrUn_KI270364v1	0	2855	HSCHRUN_RANDOM_176
585	chrUn_KI270366v1	0	8320	HSCHRUN_RANDOM_178
585	chrUn_KI270371v1	0	2805	HSCHRUN_RANDOM_202
585	chrUn_KI270372v1	0	1650	HSCHRUN_RANDOM_199
585	chrUn_KI270373v1	0	1451	HSCHRUN_RANDOM_200
585	chrUn_KI270374v1	0	2656	HSCHRUN_RANDOM_198
585	chrUn_KI270375v1	0	2378	HSCHRUN_RANDOM_201
585	chrUn_KI270376v1	0	1136	HSCHRUN_RANDOM_197
585	chrUn_KI270378v1	0	1048	HSCHRUN_RANDOM_179
585	chrUn_KI270379v1	0	1045	HSCHRUN_RANDOM_180
585	chrUn_KI270381v1	0	1930	HSCHRUN_RANDOM_194
585	chrUn_KI270382v1	0	4215	HSCHRUN_RANDOM_196
585	chrUn_KI270383v1	0	1750	HSCHRUN_RANDOM_190
585	chrUn_KI270384v1	0	1658	HSCHRUN_RANDOM_192
585	chrUn_KI270385v1	0	990	HSCHRUN_RANDOM_195
585	chrUn_KI270386v1	0	1788	HSCHRUN_RANDOM_188
585	chrUn_KI270387v1	0	1537	HSCHRUN_RANDOM_183
585	chrUn_KI270388v1	0	1216	HSCHRUN_RANDOM_186
585	chrUn_KI270389v1	0	1298	HSCHRUN_RANDOM_181
585	chrUn_KI270390v1	0	2387	HSCHRUN_RANDOM_182
585	chrUn_KI270391v1	0	1484	HSCHRUN_RANDOM_189
585	chrUn_KI270392v1	0	971	HSCHRUN_RANDOM_193
585	chrUn_KI270393v1	0	1308	HSCHRUN_RANDOM_191
585	chrUn_KI270394v1	0	970	HSCHRUN_RANDOM_187
585	chrUn_KI270395v1	0	1143	HSCHRUN_RANDOM_184
585	chrUn_KI270396v1	0	1880	HSCHRUN_RANDOM_185
585	chrUn_KI270411v1	0	2646	HSCHRUN_RANDOM_113
585	chrUn_KI270412v1	0	1179	HSCHRUN_RANDOM_112
585	chrUn_KI270414v1	0	2489	HSCHRUN_RANDOM_114
585	chrUn_KI270417v1	0	2043	HSCHRUN_RANDOM_119
585	chrUn_KI270418v1	0	2145	HSCHRUN_RANDOM_116
585	chrUn_KI270419v1	0	1029	HSCHRUN_RANDOM_115
585	chrUn_KI270420v1	0	2321	HSCHRUN_RANDOM_117
585	chrUn_KI270422v1	0	1445	HSCHRUN_RANDOM_120
585	chrUn_KI270423v1	0	981	HSCHRUN_RANDOM_121
585	chrUn_KI270424v1	0	2140	HSCHRUN_RANDOM_118
585	chrUn_KI270425v1	0	1884	HSCHRUN_RANDOM_122
585	chrUn_KI270429v1	0	1361	HSCHRUN_RANDOM_123
585	chrUn_KI270435v1	0	92983	HSCHRUN_RANDOM_128
585	chrUn_KI270438v1	0	112505	HSCHRUN_RANDOM_129
73	chrUn_KI270442v1	0	392061	HSCHRUN_RANDOM_124
585	chrUn_KI270448v1	0	7992	HSCHRUN_RANDOM_203
585	chrUn_KI270465v1	0	1774	HSCHRUN_RANDOM_126
585	chrUn_KI270466v1	0	1233	HSCHRUN_RANDOM_125
585	chrUn_KI270467v1	0	3920	HSCHRUN_RANDOM_127
585	chrUn_KI270468v1	0	4055	HSCHRUN_RANDOM_130
585	chrUn_KI270507v1	0	5353	HSCHRUN_RANDOM_141
585	chrUn_KI270508v1	0	1951	HSCHRUN_RANDOM_134
585	chrUn_KI270509v1	0	2318	HSCHRUN_RANDOM_132
585	chrUn_KI270510v1	0	2415	HSCHRUN_RANDOM_131
585	chrUn_KI270511v1	0	8127	HSCHRUN_RANDOM_139
585	chrUn_KI270512v1	0	22689	HSCHRUN_RANDOM_136
585	chrUn_KI270515v1	0	6361	HSCHRUN_RANDOM_140
585	chrUn_KI270516v1	0	1300	HSCHRUN_RANDOM_135
585	chrUn_KI270517v1	0	3253	HSCHRUN_RANDOM_142
585	chrUn_KI270518v1	0	2186	HSCHRUN_RANDOM_133
73	chrUn_KI270519v1	0	138126	HSCHRUN_RANDOM_137
585	chrUn_KI270521v1	0	7642	HSCHRUN_RANDOM_204
585	chrUn_KI270522v1	0	5674	HSCHRUN_RANDOM_138
585	chrUn_KI270528v1	0	2983	HSCHRUN_RANDOM_144
585	chrUn_KI270529v1	0	1899	HSCHRUN_RANDOM_143
585	chrUn_KI270530v1	0	2168	HSCHRUN_RANDOM_145
585	chrUn_KI270538v1	0	91309	HSCHRUN_RANDOM_147
585	chrUn_KI270539v1	0	993	HSCHRUN_RANDOM_146
585	chrUn_KI270544v1	0	1202	HSCHRUN_RANDOM_148
585	chrUn_KI270548v1	0	1599	HSCHRUN_RANDOM_149
585	chrUn_KI270579v1	0	31033	HSCHRUN_RANDOM_158
585	chrUn_KI270580v1	0	1553	HSCHRUN_RANDOM_156
585	chrUn_KI270581v1	0	7046	HSCHRUN_RANDOM_157
585	chrUn_KI270582v1	0	6504	HSCHRUN_RANDOM_162
585	chrUn_KI270583v1	0	1400	HSCHRUN_RANDOM_154
585	chrUn_KI270584v1	0	4513	HSCHRUN_RANDOM_161
585	chrUn_KI270587v1	0	2969	HSCHRUN_RANDOM_155
585	chrUn_KI270588v1	0	6158	HSCHRUN_RANDOM_163
585	chrUn_KI270589v1	0	44474	HSCHRUN_RANDOM_159
585	chrUn_KI270590v1	0	4685	HSCHRUN_RANDOM_160
585	chrUn_KI270591v1	0	5796	HSCHRUN_RANDOM_165
585	chrUn_KI270593v1	0	3041	HSCHRUN_RANDOM_164
73	chrUn_KI270741v1	0	157432	HSCHRUN_RANDOM_CTG17
73	chrUn_KI270742v1	0	186739	HSCHRUN_RANDOM_CTG42
73	chrUn_KI270743v1	0	210658	HSCHRUN_RANDOM_CTG20
73	chrUn_KI270744v1	0	168472	HSCHRUN_RANDOM_CTG21
585	chrUn_KI270745v1	0	41891	HSCHRUN_RANDOM_CTG22
585	chrUn_KI270746v1	0	66486	HSCHRUN_RANDOM_CTG23
73	chrUn_KI270747v1	0	198735	HSCHRUN_RANDOM_CTG24
585	chrUn_KI270748v1	0	93321	HSCHRUN_RANDOM_CTG25
73	chrUn_KI270749v1	0	158759	HSCHRUN_RANDOM_CTG26
73	chrUn_KI270750v1	0	148850	HSCHRUN_RANDOM_CTG27
73	chrUn_KI270751v1	0	150742	HSCHRUN_RANDOM_CTG28
585	chrUn_KI270752v1	0	27745	HSCHRUN_RANDOM_CTG29
585	chrUn_KI270753v1	0	62944	HSCHRUN_RANDOM_CTG30
585	chrUn_KI270754v1	0	40191	HSCHRUN_RANDOM_CTG33
585	chrUn_KI270755v1	0	36723	HSCHRUN_RANDOM_CTG34
585	chrUn_KI270756v1	0	79590	HSCHRUN_RANDOM_CTG35
585	chrUn_KI270757v1	0	71251	HSCHRUN_RANDOM_CTG36
73	chr1_GL383518v1_alt	0	182439	HSCHR1_1_CTG31
585	chr1_GL383519v1_alt	0	110268	HSCHR1_2_CTG31
73	chr1_GL383520v2_alt	0	366580	HSCHR1_3_CTG31
73	chr1_KI270759v1_alt	0	425601	HSCHR1_1_CTG32_1
585	chr1_KI270760v1_alt	0	109528	HSCHR1_1_CTG11
73	chr1_KI270761v1_alt	0	165834	HSCHR1_2_CTG32_1
73	chr1_KI270762v1_alt	0	354444	HSCHR1_1_CTG3
73	chr1_KI270763v1_alt	0	911658	HSCHR1_3_CTG32_1
585	chr1_KI270764v1_alt	0	50258	HSCHR1_4_CTG32_1
73	chr1_KI270765v1_alt	0	185285	HSCHR1_4_CTG31
73	chr1_KI270766v1_alt	0	256271	HSCHR1_2_CTG3
73	chr1_KI270892v1_alt	0	162212	HSCHR1_ALT2_1_CTG32_1
73	chr2_GL383521v1_alt	0	143390	HSCHR2_1_CTG5
585	chr2_GL383522v1_alt	0	123821	HSCHR2_1_CTG7_2
585	chr2_GL582966v2_alt	0	96131	HSCHR2_2_CTG7_2
73	chr2_KI270767v1_alt	0	161578	HSCHR2_1_CTG15
585	chr2_KI270768v1_alt	0	110099	HSCHR2_3_CTG7_2
585	chr2_KI270769v1_alt	0	120616	HSCHR2_1_CTG1
73	chr2_KI270770v1_alt	0	136240	HSCHR2_2_CTG1
585	chr2_KI270771v1_alt	0	110395	HSCHR2_4_CTG7_2
73	chr2_KI270772v1_alt	0	133041	HSCHR2_1_CTG7
585	chr2_KI270773v1_alt	0	70887	HSCHR2_3_CTG1
73	chr2_KI270774v1_alt	0	223625	HSCHR2_4_CTG1
73	chr2_KI270775v1_alt	0	138019	HSCHR2_5_CTG7_2
73	chr2_KI270776v1_alt	0	174166	HSCHR2_3_CTG15
73	chr2_KI270893v1_alt	0	161218	HSCHR2_2_CTG15
73	chr2_KI270894v1_alt	0	214158	HSCHR2_2_CTG7
73	chr3_GL383526v1_alt	0	180671	HSCHR3_1_CTG2_1
73	chr3_JH636055v2_alt	0	173151	HSCHR3_1_CTG1
73	chr3_KI270777v1_alt	0	173649	HSCHR3_2_CTG2_1
73	chr3_KI270778v1_alt	0	248252	HSCHR3_3_CTG2_1
73	chr3_KI270779v1_alt	0	205312	HSCHR3_1_CTG3
73	chr3_KI270780v1_alt	0	224108	HSCHR3_4_CTG2_1
585	chr3_KI270781v1_alt	0	113034	HSCHR3_5_CTG2_1
73	chr3_KI270782v1_alt	0	162429	HSCHR3_2_CTG3
585	chr3_KI270783v1_alt	0	109187	HSCHR3_3_CTG1
73	chr3_KI270784v1_alt	0	184404	HSCHR3_9_CTG3
73	chr3_KI270895v1_alt	0	162896	HSCHR3_3_CTG3
73	chr3_KI270924v1_alt	0	166540	HSCHR3_4_CTG3
73	chr3_KI270934v1_alt	0	163458	HSCHR3_5_CTG3
73	chr3_KI270935v1_alt	0	197351	HSCHR3_6_CTG3
73	chr3_KI270936v1_alt	0	164170	HSCHR3_7_CTG3
73	chr3_KI270937v1_alt	0	165607	HSCHR3_8_CTG3
73	chr4_GL000257v2_alt	0	586476	HSCHR4_1_CTG9
73	chr4_GL383527v1_alt	0	164536	HSCHR4_1_CTG12
73	chr4_GL383528v1_alt	0	376187	HSCHR4_1_CTG6
585	chr4_KI270785v1_alt	0	119912	HSCHR4_2_CTG12
73	chr4_KI270786v1_alt	0	244096	HSCHR4_3_CTG12
585	chr4_KI270787v1_alt	0	111943	HSCHR4_1_CTG8_1
73	chr4_KI270788v1_alt	0	158965	HSCHR4_4_CTG12
73	chr4_KI270789v1_alt	0	205944	HSCHR4_5_CTG12
73	chr4_KI270790v1_alt	0	220246	HSCHR4_1_CTG4
73	chr4_KI270896v1_alt	0	378547	HSCHR4_6_CTG12
73	chr4_KI270925v1_alt	0	555799	HSCHR4_7_CTG12
9	chr5_GL339449v2_alt	0	1612928	HSCHR5_2_CTG1_1
585	chr5_GL383530v1_alt	0	101241	HSCHR5_3_CTG1_1
73	chr5_GL383531v1_alt	0	173459	HSCHR5_1_CTG5
585	chr5_GL383532v1_alt	0	82728	HSCHR5_1_CTG1
73	chr5_GL949742v1_alt	0	226852	HSCHR5_2_CTG1
73	chr5_KI270791v1_alt	0	195710	HSCHR5_3_CTG1
73	chr5_KI270792v1_alt	0	179043	HSCHR5_4_CTG1
585	chr5_KI270793v1_alt	0	126136	HSCHR5_5_CTG1
73	chr5_KI270794v1_alt	0	164558	HSCHR5_6_CTG1
73	chr5_KI270795v1_alt	0	131892	HSCHR5_2_CTG5
73	chr5_KI270796v1_alt	0	172708	HSCHR5_4_CTG1_1
9	chr5_KI270897v1_alt	0	1144418	HSCHR5_1_CTG1_1
585	chr5_KI270898v1_alt	0	130957	HSCHR5_3_CTG5
9	chr6_GL000250v2_alt	0	4672374	HSCHR6_MHC_APD_CTG1
9	chr6_GL000251v2_alt	0	4795265	HSCHR6_MHC_COX_CTG1
9	chr6_GL000252v2_alt	0	4604811	HSCHR6_MHC_DBB_CTG1
9	chr6_GL000253v2_alt	0	4677643	HSCHR6_MHC_MANN_CTG1
9	chr6_GL000254v2_alt	0	4827813	HSCHR6_MHC_MCF_CTG1
9	chr6_GL000255v2_alt	0	4606388	HSCHR6_MHC_QBL_CTG1
9	chr6_GL000256v2_alt	0	4929269	HSCHR6_MHC_SSTO_CTG1
585	chr6_GL383533v1_alt	0	124736	HSCHR6_1_CTG2
73	chr6_KB021644v2_alt	0	185823	HSCHR6_1_CTG3
585	chr6_KI270758v1_alt	0	76752	HSCHR6_8_CTG1
73	chr6_KI270797v1_alt	0	197536	HSCHR6_1_CTG4
73	chr6_KI270798v1_alt	0	271782	HSCHR6_1_CTG5
73	chr6_KI270799v1_alt	0	152148	HSCHR6_1_CTG6
73	chr6_KI270800v1_alt	0	175808	HSCHR6_1_CTG7
73	chr6_KI270801v1_alt	0	870480	HSCHR6_1_CTG8
585	chr6_KI270802v1_alt	0	75005	HSCHR6_1_CTG9
585	chr7_GL383534v2_alt	0	119183	HSCHR7_1_CTG6
9	chr7_KI270803v1_alt	0	1111570	HSCHR7_2_CTG6
73	chr7_KI270804v1_alt	0	157952	HSCHR7_1_CTG1
73	chr7_KI270805v1_alt	0	209988	HSCHR7_1_CTG7
73	chr7_KI270806v1_alt	0	158166	HSCHR7_1_CTG4_4
585	chr7_KI270807v1_alt	0	126434	HSCHR7_2_CTG7
73	chr7_KI270808v1_alt	0	271455	HSCHR7_3_CTG6
73	chr7_KI270809v1_alt	0	209586	HSCHR7_2_CTG4_4
73	chr7_KI270899v1_alt	0	190869	HSCHR7_2_CTG1
73	chr8_KI270810v1_alt	0	374415	HSCHR8_1_CTG7
73	chr8_KI270811v1_alt	0	292436	HSCHR8_1_CTG1
73	chr8_KI270812v1_alt	0	282736	HSCHR8_2_CTG1
73	chr8_KI270813v1_alt	0	300230	HSCHR8_3_CTG1
73	chr8_KI270814v1_alt	0	141812	HSCHR8_1_CTG6
73	chr8_KI270815v1_alt	0	132244	HSCHR8_2_CTG7
73	chr8_KI270816v1_alt	0	305841	HSCHR8_3_CTG7
73	chr8_KI270817v1_alt	0	158983	HSCHR8_4_CTG7
73	chr8_KI270818v1_alt	0	145606	HSCHR8_4_CTG1
73	chr8_KI270819v1_alt	0	133535	HSCHR8_5_CTG7
585	chr8_KI270820v1_alt	0	36640	HSCHR8_6_CTG7
73	chr8_KI270821v1_alt	0	985506	HSCHR8_8_CTG1
73	chr8_KI270822v1_alt	0	624492	HSCHR8_9_CTG1
73	chr8_KI270900v1_alt	0	318687	HSCHR8_5_CTG1
73	chr8_KI270901v1_alt	0	136959	HSCHR8_6_CTG1
73	chr8_KI270926v1_alt	0	229282	HSCHR8_7_CTG1
73	chr9_GL383539v1_alt	0	162988	HSCHR9_1_CTG1
585	chr9_GL383540v1_alt	0	71551	HSCHR9_1_CTG2
73	chr9_GL383541v1_alt	0	171286	HSCHR9_1_CTG3
585	chr9_GL383542v1_alt	0	60032	HSCHR9_1_CTG4
73	chr9_KI270823v1_alt	0	439082	HSCHR9_1_CTG5
73	chrX_KI270880v1_alt	0	284869	HSCHRX_1_CTG3
73	chrX_KI270881v1_alt	0	144206	HSCHRX_2_CTG12
73	chrX_KI270913v1_alt	0	274009	HSCHRX_2_CTG3
73	chr10_GL383545v1_alt	0	179254	HSCHR10_1_CTG1
73	chr10_GL383546v1_alt	0	309802	HSCHR10_1_CTG2
73	chr10_KI270824v1_alt	0	181496	HSCHR10_1_CTG3
73	chr10_KI270825v1_alt	0	188315	HSCHR10_1_CTG4
73	chr11_GL383547v1_alt	0	154407	HSCHR11_1_CTG1_1
73	chr11_JH159136v1_alt	0	200998	HG142_HG150_NOVEL_TEST
73	chr11_JH159137v1_alt	0	191409	HG151_NOVEL_TEST
73	chr11_KI270826v1_alt	0	186169	HSCHR11_1_CTG2
585	chr11_KI270827v1_alt	0	67707	HSCHR11_1_CTG3
73	chr11_KI270829v1_alt	0	204059	HSCHR11_1_CTG5
73	chr11_KI270830v1_alt	0	177092	HSCHR11_1_CTG6
73	chr11_KI270831v1_alt	0	296895	HSCHR11_1_CTG7
73	chr11_KI270832v1_alt	0	210133	HSCHR11_1_CTG8
585	chr11_KI270902v1_alt	0	106711	HSCHR11_2_CTG1
73	chr11_KI270903v1_alt	0	214625	HSCHR11_2_CTG1_1
73	chr11_KI270927v1_alt	0	218612	HSCHR11_3_CTG1
585	chr12_GL383549v1_alt	0	120804	HSCHR12_1_CTG2
73	chr12_GL383550v2_alt	0	169178	HSCHR12_1_CTG2_1
73	chr12_GL383551v1_alt	0	184319	HSCHR12_4_CTG2_1
73	chr12_GL383552v1_alt	0	138655	HSCHR12_2_CTG2_1
73	chr12_GL383553v2_alt	0	152874	HSCHR12_3_CTG2_1
73	chr12_GL877875v1_alt	0	167313	HSCHR12_1_CTG1
73	chr12_GL877876v1_alt	0	408271	HSCHR12_2_CTG2
585	chr12_KI270833v1_alt	0	76061	HSCHR12_5_CTG2_1
585	chr12_KI270834v1_alt	0	119498	HSCHR12_6_CTG2_1
73	chr12_KI270835v1_alt	0	238139	HSCHR12_4_CTG2
585	chr12_KI270836v1_alt	0	56134	HSCHR12_7_CTG2_1
585	chr12_KI270837v1_alt	0	40090	HSCHR12_5_CTG2
73	chr12_KI270904v1_alt	0	572349	HSCHR12_3_CTG2
73	chr13_KI270838v1_alt	0	306913	HSCHR13_1_CTG1
73	chr13_KI270839v1_alt	0	180306	HSCHR13_1_CTG2
73	chr13_KI270840v1_alt	0	191684	HSCHR13_1_CTG3
73	chr13_KI270841v1_alt	0	169134	HSCHR13_1_CTG4
585	chr13_KI270842v1_alt	0	37287	HSCHR13_1_CTG5
585	chr13_KI270843v1_alt	0	103832	HSCHR13_1_CTG6
73	chr14_KI270844v1_alt	0	322166	HSCHR14_1_CTG1
73	chr14_KI270845v1_alt	0	180703	HSCHR14_2_CTG1
9	chr14_KI270846v1_alt	0	1351393	HSCHR14_3_CTG1
9	chr14_KI270847v1_alt	0	1511111	HSCHR14_7_CTG1
73	chr15_GL383554v1_alt	0	296527	HSCHR15_1_CTG8
73	chr15_GL383555v2_alt	0	388773	HSCHR15_2_CTG8
73	chr15_KI270848v1_alt	0	327382	HSCHR15_1_CTG3
73	chr15_KI270849v1_alt	0	244917	HSCHR15_3_CTG8
73	chr15_KI270850v1_alt	0	430880	HSCHR15_5_CTG8
73	chr15_KI270851v1_alt	0	263054	HSCHR15_3_CTG3
73	chr15_KI270852v1_alt	0	478999	HSCHR15_1_CTG1
9	chr15_KI270905v1_alt	0	5161414	HSCHR15_4_CTG8
73	chr15_KI270906v1_alt	0	196384	HSCHR15_2_CTG3
73	chr16_GL383556v1_alt	0	192462	HSCHR16_1_CTG3_1
585	chr16_GL383557v1_alt	0	89672	HSCHR16_2_CTG3_1
9	chr16_KI270853v1_alt	0	2659700	HSCHR16_1_CTG1
73	chr16_KI270854v1_alt	0	134193	HSCHR16_CTG2
73	chr16_KI270855v1_alt	0	232857	HSCHR16_3_CTG1
585	chr16_KI270856v1_alt	0	63982	HSCHR16_4_CTG1
9	chr17_GL000258v2_alt	0	1821992	HSCHR17_1_CTG5
73	chr17_GL383563v3_alt	0	375691	HSCHR17_1_CTG1
73	chr17_GL383564v2_alt	0	133151	HSCHR17_1_CTG4
73	chr17_GL383565v1_alt	0	223995	HSCHR17_2_CTG4
585	chr17_GL383566v1_alt	0	90219	HSCHR17_3_CTG4
73	chr17_JH159146v1_alt	0	278131	HSCHR17_4_CTG4
585	chr17_JH159147v1_alt	0	70345	HSCHR17_5_CTG4
585	chr17_JH159148v1_alt	0	88070	HSCHR17_6_CTG4
9	chr17_KI270857v1_alt	0	2877074	HSCHR17_7_CTG4
73	chr17_KI270858v1_alt	0	235827	HSCHR17_8_CTG4
585	chr17_KI270859v1_alt	0	108763	HSCHR17_9_CTG4
73	chr17_KI270860v1_alt	0	178921	HSCHR17_1_CTG9
73	chr17_KI270861v1_alt	0	196688	HSCHR17_1_CTG2
73	chr17_KI270862v1_alt	0	391357	HSCHR17_2_CTG2
73	chr17_KI270907v1_alt	0	137721	HSCHR17_2_CTG1
9	chr17_KI270908v1_alt	0	1423190	HSCHR17_2_CTG5
73	chr17_KI270909v1_alt	0	325800	HSCHR17_10_CTG4
73	chr17_KI270910v1_alt	0	157099	HSCHR17_3_CTG2
73	chr18_GL383567v1_alt	0	289831	HSCHR18_1_CTG1_1
585	chr18_GL383568v1_alt	0	104552	HSCHR18_1_CTG2
73	chr18_GL383569v1_alt	0	167950	HSCHR18_1_CTG2_1
73	chr18_GL383570v1_alt	0	164789	HSCHR18_2_CTG1_1
73	chr18_GL383571v1_alt	0	198278	HSCHR18_2_CTG2
73	chr18_GL383572v1_alt	0	159547	HSCHR18_2_CTG2_1
73	chr18_KI270863v1_alt	0	167999	HSCHR18_3_CTG2_1
585	chr18_KI270864v1_alt	0	111737	HSCHR18_4_CTG1_1
73	chr18_KI270911v1_alt	0	157710	HSCHR18_ALT2_CTG2_1
73	chr18_KI270912v1_alt	0	174061	HSCHR18_ALT21_CTG2_1
73	chr19_GL000209v2_alt	0	177381	HSCHR19KIR_RP5_B_HAP_CTG3_1
73	chr19_GL383573v1_alt	0	385657	HSCHR19_1_CTG2
73	chr19_GL383574v1_alt	0	155864	HSCHR19_1_CTG3_1
73	chr19_GL383575v2_alt	0	170222	HSCHR19_2_CTG2
73	chr19_GL383576v1_alt	0	188024	HSCHR19_3_CTG2
73	chr19_GL949746v1_alt	0	987716	HSCHR19LRC_COX1_CTG3_1
73	chr19_GL949747v2_alt	0	729520	HSCHR19LRC_COX2_CTG3_1
9	chr19_GL949748v2_alt	0	1064304	HSCHR19LRC_LRC_I_CTG3_1
9	chr19_GL949749v2_alt	0	1091841	HSCHR19LRC_LRC_J_CTG3_1
9	chr19_GL949750v2_alt	0	1066390	HSCHR19LRC_LRC_S_CTG3_1
73	chr19_GL949751v2_alt	0	1002683	HSCHR19LRC_LRC_T_CTG3_1
73	chr19_GL949752v1_alt	0	987100	HSCHR19LRC_PGF1_CTG3_1
73	chr19_GL949753v2_alt	0	796479	HSCHR19LRC_PGF2_CTG3_1
585	chr19_KI270865v1_alt	0	52969	HSCHR19_4_CTG2
585	chr19_KI270866v1_alt	0	43156	HSCHR19_2_CTG3_1
73	chr19_KI270867v1_alt	0	233762	HSCHR19_3_CTG3_1
585	chr19_KI270868v1_alt	0	61734	HSCHR19_5_CTG2
73	chr19_KI270882v1_alt	0	248807	HSCHR19KIR_FH15_B_HAP_CTG3_1
73	chr19_KI270883v1_alt	0	170399	HSCHR19KIR_G085_A_HAP_CTG3_1
73	chr19_KI270884v1_alt	0	157053	HSCHR19KIR_G085_BA1_HAP_CTG3_1
73	chr19_KI270885v1_alt	0	171027	HSCHR19KIR_G248_A_HAP_CTG3_1
73	chr19_KI270886v1_alt	0	204239	HSCHR19KIR_G248_BA2_HAP_CTG3_1
73	chr19_KI270887v1_alt	0	209512	HSCHR19KIR_GRC212_AB_HAP_CTG3_1
73	chr19_KI270888v1_alt	0	155532	HSCHR19KIR_GRC212_BA1_HAP_CTG3_1
73	chr19_KI270889v1_alt	0	170698	HSCHR19KIR_LUCE_A_HAP_CTG3_1
73	chr19_KI270890v1_alt	0	184499	HSCHR19KIR_LUCE_BDEL_HAP_CTG3_1
73	chr19_KI270891v1_alt	0	170680	HSCHR19KIR_RSH_A_HAP_CTG3_1
73	chr19_KI270914v1_alt	0	205194	HSCHR19KIR_RSH_BA2_HAP_CTG3_1
73	chr19_KI270915v1_alt	0	170665	HSCHR19KIR_T7526_A_HAP_CTG3_1
73	chr19_KI270916v1_alt	0	184516	HSCHR19KIR_T7526_BDEL_HAP_CTG3_1
73	chr19_KI270917v1_alt	0	190932	HSCHR19KIR_ABC08_A1_HAP_CTG3_1
585	chr19_KI270918v1_alt	0	123111	HSCHR19KIR_ABC08_AB_HAP_C_P_CTG3_1
73	chr19_KI270919v1_alt	0	170701	HSCHR19KIR_ABC08_AB_HAP_T_P_CTG3_1
73	chr19_KI270920v1_alt	0	198005	HSCHR19KIR_FH05_A_HAP_CTG3_1
73	chr19_KI270921v1_alt	0	282224	HSCHR19KIR_FH05_B_HAP_CTG3_1
73	chr19_KI270922v1_alt	0	187935	HSCHR19KIR_FH06_A_HAP_CTG3_1
73	chr19_KI270923v1_alt	0	189352	HSCHR19KIR_FH06_BA1_HAP_CTG3_1
73	chr19_KI270929v1_alt	0	186203	HSCHR19KIR_FH08_A_HAP_CTG3_1
73	chr19_KI270930v1_alt	0	200773	HSCHR19KIR_FH08_BAX_HAP_CTG3_1
73	chr19_KI270931v1_alt	0	170148	HSCHR19KIR_FH13_A_HAP_CTG3_1
73	chr19_KI270932v1_alt	0	215732	HSCHR19KIR_FH13_BA2_HAP_CTG3_1
73	chr19_KI270933v1_alt	0	170537	HSCHR19KIR_FH15_A_HAP_CTG3_1
9	chr19_KI270938v1_alt	0	1066800	HSCHR19_4_CTG3_1
585	chr20_GL383577v2_alt	0	128386	HSCHR20_1_CTG1
585	chr20_KI270869v1_alt	0	118774	HSCHR20_1_CTG2
73	chr20_KI270870v1_alt	0	183433	HSCHR20_1_CTG3
585	chr20_KI270871v1_alt	0	58661	HSCHR20_1_CTG4
585	chr21_GL383578v2_alt	0	63917	HSCHR21_1_CTG1_1
73	chr21_GL383579v2_alt	0	201197	HSCHR21_2_CTG1_1
585	chr21_GL383580v2_alt	0	74653	HSCHR21_3_CTG1_1
585	chr21_GL383581v2_alt	0	116689	HSCHR21_4_CTG1_1
585	chr21_KI270872v1_alt	0	82692	HSCHR21_5_CTG2
73	chr21_KI270873v1_alt	0	143900	HSCHR21_6_CTG1_1
73	chr21_KI270874v1_alt	0	166743	HSCHR21_8_CTG1_1
73	chr22_GL383582v2_alt	0	162811	HSCHR22_1_CTG1
585	chr22_GL383583v2_alt	0	96924	HSCHR22_1_CTG2
585	chr22_KB663609v1_alt	0	74013	HSCHR22_2_CTG1
73	chr22_KI270875v1_alt	0	259914	HSCHR22_1_CTG3
73	chr22_KI270876v1_alt	0	263666	HSCHR22_1_CTG4
585	chr22_KI270877v1_alt	0	101331	HSCHR22_1_CTG5
73	chr22_KI270878v1_alt	0	186262	HSCHR22_1_CTG6
73	chr22_KI270879v1_alt	0	304135	HSCHR22_1_CTG7
73	chr22_KI270928v1_alt	0	176103	HSCHR22_3_CTG1
73	chr1_KI270706v1_random	0	175055	HSCHR1_CTG1_UNLOCALIZED
585	chr1_KI270707v1_random	0	32032	HSCHR1_CTG2_UNLOCALIZED
585	chr1_KI270708v1_random	0	127682	HSCHR1_CTG3_UNLOCALIZED
585	chr1_KI270709v1_random	0	66860	HSCHR1_CTG4_UNLOCALIZED
585	chr1_KI270710v1_random	0	40176	HSCHR1_CTG5_UNLOCALIZED
585	chr1_KI270711v1_random	0	42210	HSCHR1_CTG6_UNLOCALIZED
73	chr1_KI270712v1_random	0	176043	HSCHR1_CTG7_UNLOCALIZED
585	chr1_KI270713v1_random	0	40745	HSCHR1_CTG8_UNLOCALIZED
585	chr1_KI270714v1_random	0	41717	HSCHR1_CTG9_UNLOCALIZED
73	chr2_KI270715v1_random	0	161471	HSCHR2_RANDOM_CTG1
73	chr2_KI270716v1_random	0	153799	HSCHR2_RANDOM_CTG2
73	chr3_GL000221v1_random	0	155397	HSCHR3UN_CTG2
73	chr4_GL000008v2_random	0	209709	HSCHR4_RANDOM_CTG4
585	chr5_GL000208v1_random	0	92689	HSCHR5_RANDOM_CTG1
585	chr9_KI270717v1_random	0	40062	HSCHR9_UNLOCALIZED_CTG1
585	chr9_KI270718v1_random	0	38054	HSCHR9_UNLOCALIZED_CTG2
73	chr9_KI270719v1_random	0	176845	HSCHR9_UNLOCALIZED_CTG3
585	chr9_KI270720v1_random	0	39050	HSCHR9_UNLOCALIZED_CTG4
585	chrY_KI270740v1_random	0	37240	HSCHRY_RANDOM_CTG1
585	chr11_KI270721v1_random	0	100316	HSCHR11_CTG1_UNLOCALIZED
73	chr14_GL000009v2_random	0	201709	HSCHR14_CTG1_UNLOCALIZED
73	chr14_GL000194v1_random	0	191469	HSCHR14_CTG4_UNLOCALIZED
73	chr14_GL000225v1_random	0	211173	HSCHR14_CTG2_UNLOCALIZED
73	chr14_KI270722v1_random	0	194050	HSCHR14_CTG3_UNLOCALIZED
585	chr14_KI270723v1_random	0	38115	HSCHR14_CTG5_UNLOCALIZED
585	chr14_KI270724v1_random	0	39555	HSCHR14_CTG6_UNLOCALIZED
73	chr14_KI270725v1_random	0	172810	HSCHR14_CTG7_UNLOCALIZED
585	chr14_KI270726v1_random	0	43739	HSCHR14_CTG8_UNLOCALIZED
73	chr15_KI270727v1_random	0	448248	HSCHR15_RANDOM_CTG1
9	chr16_KI270728v1_random	0	1872759	HSCHR16_RANDOM_CTG1
73	chr17_GL000205v2_random	0	185591	HSCHR17_RANDOM_CTG3
73	chr17_KI270729v1_random	0	280839	HSCHR17_RANDOM_CTG4
585	chr17_KI270730v1_random	0	112551	HSCHR17_RANDOM_CTG5
73	chr22_KI270731v1_random	0	150754	HSCHR22_UNLOCALIZED_CTG1
585	chr22_KI270732v1_random	0	41543	HSCHR22_UNLOCALIZED_CTG2
73	chr22_KI270733v1_random	0	179772	HSCHR22_UNLOCALIZED_CTG3
73	chr22_KI270734v1_random	0	165050	HSCHR22_UNLOCALIZED_CTG4
585	chr22_KI270735v1_random	0	42811	HSCHR22_UNLOCALIZED_CTG5
73	chr22_KI270736v1_random	0	181920	HSCHR22_UNLOCALIZED_CTG6
585	chr22_KI270737v1_random	0	103838	HSCHR22_UNLOCALIZED_CTG7
585	chr22_KI270738v1_random	0	99375	HSCHR22_UNLOCALIZED_CTG8
585	chr22_KI270739v1_random	0	73985	HSCHR22_UNLOCALIZED_CTG9
